"ano","promedio_sst"
"2019","0.24125"
"2020","0.24285714285714"
"2021","0.23571428571429"
"2022","0.23333333333333"
"2023","0.26625"
