"ano","promedio_sst"
"2019","28.796363636364"
"2020","29.153333333333"
"2021","29.0425"
"2022","29.159090909091"
"2023","30.116666666667"
